<?xml version="1.0" ?>
<project name="AgitorEJB" default="agitar-all">


	<!-- Root directory of your eclipse installation -->
	<property name="eclipse.install.dir" value="C:/Users/HUSER.HTD99QJ12/eclipse/jee-neon/eclipse" />
	<property name="agitarOne.install.dir" value="C:/Users/HUSER.HTD99QJ12/.p2/pool" />


	<!-- Override eclipse.java (using -Declipse.java) with the java your eclipse instance used -->
	<property name="eclipse.java" value="java" />


	<!-- Override jvm with the java you wish to use for running tests -->
	<property name="jvm" value="java" />
	<property name="dashboardURL.AgitorEJB" value="http://localhost:8080/agitar-server/dashboards/automated/" />
	<property name="domain.access.key" value="" />
	<property name="domain.email" value="" />


	<!-- Use of ${project.dir.AgitorEJB} allows for the resolution of relative paths even when this file is imported in another build file -->
	<dirname file="${ant.file.AgitorEJB}" property="project.dir.AgitorEJB" />
	<condition property="project.dir.AgitorEJB" value="${basedir}">
		<not>
			<isset property="project.dir.AgitorEJB" />
		</not>
	</condition>
	<property name="max.memory" value="1024m" />
	<path id="agitar.possible.startup.jars">
		<pathelement location="${eclipse.install.dir}/startup.jar" />
		<fileset dir="${eclipse.install.dir}/plugins/" includes="org.eclipse.equinox.launcher_*.jar" />
	</path>


	<!-- Agitar Build Number (If this fails, add -ws win32|gtk|motif in front of -data as is appropriate for your platform.) -->
	<tempfile property="proc.out" />
	<tempfile property="proc.err" />
	<java fork="true" jvm="${eclipse.java}" classname="org.eclipse.core.launcher.Main" output="${proc.out}" error="${proc.err}">
		<arg line=" -data &quot;${user.home}/.agitar/.temp_workspace&quot; -application com.agitar.eclipse.cmdline.Version" />
		<classpath refid="agitar.possible.startup.jars" />
	</java>
	<loadfile property="agitar.build.num" srcFile="${proc.out}">
		<filterchain>
			<linecontainsregexp>
				<regexp pattern="^[0-9]\.[0-9]\.[0-9]\.000*" />
			</linecontainsregexp>
			<striplinebreaks />
		</filterchain>
	</loadfile>


	<!-- Location of the import files for the agitar ant tasks taskdefs -->
	<property name="agitarant.import.dir" value="${agitarOne.install.dir}/plugins/com.agitar.agitator_${agitar.build.num}/config" />


	<!-- Import the agitar ant taskdefs -->
	<!--<import file="${agitarant.import.dir}/agitar_ant.xml" />
-->

	<!-- Project Definitions -->



	<!-- Agitar project definition for AgitorEJB project -->
	<agitar-project id="AgitorEJB.project" projectDir="${project.dir.AgitorEJB}" agitarDir="${project.dir.AgitorEJB}/agitar" resultDir="${project.dir.AgitorEJB}/agitar/.results" configDir="${project.dir.AgitorEJB}/agitar/config" generatedTestDir="${project.dir.AgitorEJB}/agitar/test" reportOutputDir="${project.dir.AgitorEJB}/agitar/reports/latest" dataDir="${project.dir.AgitorEJB}/agitar/reports/latest/data" authEmail="${domain.email}" accessKey="${domain.access.key}" agitationVmArgs="-Xms128m -Xmx512m" testGenerationVmArgs="-Xmx1024m" projectName="AgitorEJB" dashboardRootURL="${dashboardURL.AgitorEJB}" jvmVendor="Sun" jvmVersion="1.8.0_40" aggressiveMocks="true" importedCoverageDir="${project.dir.AgitorEJB}/agitar/imports">
		<sourcePath>
			<pathElement location="${project.dir.AgitorEJB}/ejbModule" />
			<pathElement location="${project.dir.AgitorEJB}/agitar/test" />
		</sourcePath>
		<targetClasspath>
			<pathElement location="${project.dir.AgitorEJB}/build/classes" />
		</targetClasspath>
		<libClasspath>
			<pathElement location="${project.dir.AgitorEJB}/../../.p2/pool/plugins/org.junit_4.12.0.v201504281640/junit.jar" />
			<pathElement location="${project.dir.AgitorEJB}/../../.p2/pool/plugins/com.agitar.eclipse.api_${agitar.build.num}/lib/ext/org.agitar.mock.jar" />
			<pathElement location="${project.dir.AgitorEJB}/../../.p2/pool/plugins/com.agitar.eclipse.api_${agitar.build.num}/com.agitar.mockingbird.jar" />
			<pathElement location="${project.dir.AgitorEJB}/../../.p2/pool/plugins/com.agitar.eclipse.api_${agitar.build.num}/lib/ext/org.agitar.mock5.jar" />
		</libClasspath>
		<testResultsPath>
			<pathElement location="${project.dir.AgitorEJB}/agitar/.junitresults" />
		</testResultsPath>
	</agitar-project>


	<!-- Configuration for AgitorEJB -->
	<agitar-config id="AgitorEJB.config" local="false" generateXMLDashboard="false" showCoverageDetails="true" emailRecipients="deepeshg@hexaware.com" emailPort="25" emailFailureOnly="false" />


	<!-- Default target -->
	<target name="agitar-all" depends="agitate, run-tests, checkrules, quicklist, dashboard, email" />


	<!-- Cleans old agitation results and coverage -->
	<target name="clean-results">
		<delete dir="${project.dir.AgitorEJB}/agitar/.results" quiet="true" />
	</target>


	<!-- Cleans old agitation and junit results, logs and dashboards -->
	<target name="clean-agitar">
		<delete dir="${project.dir.AgitorEJB}/agitar/.results" quiet="true" />
		<delete dir="${project.dir.AgitorEJB}/agitar/.junitresults" quiet="true" />
		<delete dir="${project.dir.AgitorEJB}/agitar/.logs" quiet="true" />
		<delete quiet="true" includeemptydirs="true">
			<fileset dir="${project.dir.AgitorEJB}/agitar/reports/latest" excludes="**/*.ddf" />
		</delete>
	</target>


	<!-- Agitates the project remotely on the server -->
	<target name="agitate" depends="clean-results">
		<agitate projectid="AgitorEJB.project" configid="AgitorEJB.config" maxmemory="${max.memory}">
			<agitar-config hasconfig="true" />
		</agitate>
	</target>


	<!-- Generates tests for the project -->



	<!-- Add this target as a dependency to the agitar-all target to generate tests -->



	<!-- Compile these tests with a new compilation target to include them in test runs and dashboards -->
	<target name="generatetests">
		<generatetests projectid="AgitorEJB.project" configid="AgitorEJB.config" />
	</target>


	<!-- Runs tests for this project on the AgitarOne server -->
	<target name="remoteruntests">
		<remoteruntests projectid="AgitorEJB.project" configid="AgitorEJB.config" />
	</target>


	<!-- Run the code rules checker -->
	<target name="checkrules">
		<checkrules projectid="AgitorEJB.project" configid="AgitorEJB.config" maxmemory="${max.memory}" />
	</target>


	<!-- Select classes for agitation -->
	<target name="quicklist">
		<quicklist projectid="AgitorEJB.project" configid="AgitorEJB.config" />
	</target>


	<!-- Import external coverage -->
	<target name="importcoverage">
		<importcoverage projectid="AgitorEJB.project" configid="AgitorEJB.config" clearCoverage="false">
			<fileset dir="${user.home}/agitar_coverage">
				<include name="**/*.zcov" />
			</fileset>
		</importcoverage>
	</target>


	<!-- Generate a dashboard -->
	<target name="dashboard">
		<dashboard projectid="AgitorEJB.project" configid="AgitorEJB.config" maxmemory="${max.memory}" />
		<echo message="Dashboard generated at C:\Users\HUSER.HTD99QJ12\workspace\AgitorEJB\agitar\reports\latest\index.html" level="info" />
	</target>


	<!-- Email task -->
	<target name="email">
		<email projectid="AgitorEJB.project" configid="AgitorEJB.config" />
	</target>


	<!-- Run the tests for this project -->
	<target name="run-tests">
		<property name="test.results.dir" value="${project.dir.AgitorEJB}/agitar/.junitresults" />
		<mkdir dir="${test.results.dir}" />
		<super-runner dir="${project.dir.AgitorEJB}" maxmemory="${max.memory}" batchSize="5" timeout="300000" printsummary="yes" haltonfailure="no" jvm="${jvm}" resultsDir="${project.dir.AgitorEJB}/agitar/.results">
			<jvmarg value="-Xmx1024m" />
			<jvmarg value="-ea" />
			<jvmarg value="-Djava.awt.headless=true" />
			<formatter type="xml" />
			<classpath>
				<pathElement location="${project.dir.AgitorEJB}/build/classes" />
				<pathElement location="${project.dir.AgitorEJB}/../../.p2/pool/plugins/org.junit_4.12.0.v201504281640/junit.jar" />
				<pathElement location="${project.dir.AgitorEJB}/../../.p2/pool/plugins/com.agitar.eclipse.api_${agitar.build.num}/lib/ext/org.agitar.mock.jar" />
				<pathElement location="${project.dir.AgitorEJB}/../../.p2/pool/plugins/com.agitar.eclipse.api_${agitar.build.num}/com.agitar.mockingbird.jar" />
				<pathElement location="${project.dir.AgitorEJB}/../../.p2/pool/plugins/com.agitar.eclipse.api_${agitar.build.num}/lib/ext/org.agitar.mock5.jar" />
			</classpath>
			<batchtest todir="${test.results.dir}">
				<fileset dir="${project.dir.AgitorEJB}/build/classes">
					<include name="**/*Test.class" />
					<include name="**/Test*.class" />
					<include name="**/*AgitarTest*.class" />
				</fileset>
			</batchtest>
		</super-runner>
	</target>


	<!-- Publish results to location ${artifacts.destination} -->
	<target name="publish">
		<mkdir dir="${project.dir.AgitorEJB}/agitar/reports/latest/.logs" />
		<copy todir="${project.dir.AgitorEJB}/agitar/reports/latest/.logs">
			<fileset dir="${project.dir.AgitorEJB}/agitar/.logs" />
		</copy>
		<copy todir="${artifacts.destination}">
			<fileset dir="${project.dir.AgitorEJB}/agitar/reports/latest" />
		</copy>
	</target>
</project>
